query_number,query_title,query_url,candidate_number,candidate_type,candidate_title,candidate_url,candidate_state,value_score,classification,confidence,reasoning,suggested_action
646,Do we want to have weakref support?,https://github.com/micropython/micropython/issues/646,18822,pull_request,py: add weakref module with `ref` and `finalize` classes,https://github.com/micropython/micropython/pull/18822,merged,1.9395239353179932,,,,
9563,dac.write_timed() does not work with NUCLEO_G474RE,https://github.com/micropython/micropython/issues/9563,11913,pull_request,stm32: Fix dac.write_timed() does not work.,https://github.com/micropython/micropython/pull/11913,merged,1.886834979057312,,,,
12127,RFC: Version nightly builds by the next release rather than previous.,https://github.com/micropython/micropython/issues/12127,12581,pull_request,all: Switch to new versioning scheme described in #12127.,https://github.com/micropython/micropython/pull/12581,merged,1.7640961408615112,,,,
7455,Set threshold for Coveralls failure,https://github.com/micropython/micropython/issues/7455,7457,pull_request,github/workflows: Switch from Coveralls to Codecov.,https://github.com/micropython/micropython/pull/7457,merged,1.6923854351043701,,,,
15456,docs: explain optional global-interpreter-lock,https://github.com/micropython/micropython/issues/15456,2165,pull_request,"Multi-threading support: core, unix and cc3200",https://github.com/micropython/micropython/pull/2165,merged,1.6089460849761963,,,,
15830,Pre-commit spellchecker rejects commits on the basis of filenames not involved in the commit itself.,https://github.com/micropython/micropython/issues/15830,12157,pull_request,Pre-commit for codespell,https://github.com/micropython/micropython/pull/12157,merged,1.5416576862335205,,,,
5692,Add pop() in bytearray,https://github.com/micropython/micropython/issues/5692,52,pull_request,Tweaks to list.pop.,https://github.com/micropython/micropython/pull/52,merged,1.4459421634674072,,,,
9003,"Pico W ENOMEM error when (re)using PIO (rp2_pio_init, CYW43)",https://github.com/micropython/micropython/issues/9003,10652,pull_request,rp2/rp2_pio: Track use of PIO resources and free them on soft reset.,https://github.com/micropython/micropython/pull/10652,merged,1.4268481731414795,,,,
15182,libhydrogen error when trying to build mboot with packing enabled,https://github.com/micropython/micropython/issues/15182,17364,pull_request,lib/libhydrogen: Update to latest release.,https://github.com/micropython/micropython/pull/17364,merged,1.4210848808288574,,,,
9643,Chained exceptions?,https://github.com/micropython/micropython/issues/9643,12621,pull_request,"py/vm.c: don't complain about ""raise … from None"".",https://github.com/micropython/micropython/pull/12621,merged,1.4153834581375122,,,,
6186,Pyboard D build does not include btree,https://github.com/micropython/micropython/issues/6186,9992,pull_request,extmod/extmod.cmake: Add MICROPY_PY_BTREE compiler definition.,https://github.com/micropython/micropython/pull/9992,merged,1.316575050354004,,,,
3627,raising exception in __del__ finaliser results in deadlock with multithread enabled,https://github.com/micropython/micropython/issues/3627,425,pull_request,Implement del,https://github.com/micropython/micropython/pull/425,merged,1.29457426071167,,,,
17399,docs: pots/unix (standalone) has no instructions to build static linked micropython instance,https://github.com/micropython/micropython/issues/17399,15724,pull_request,unix: Expand the build steps in the README.,https://github.com/micropython/micropython/pull/15724,merged,1.2686965465545654,,,,
6344,nRF microbit (nRF51822) issues,https://github.com/micropython/micropython/issues/6344,14142,pull_request,nrf/main: Fix build of microbit when SD is used.,https://github.com/micropython/micropython/pull/14142,merged,1.1099250316619873,,,,
1159,Inheritance for native types is not supported,https://github.com/micropython/micropython/issues/1159,528,pull_request,Initial support for subclassing native types,https://github.com/micropython/micropython/pull/528,merged,1.0491986274719238,,,,
18660,mpremote REPL and mount issues with socket:// and RFC2217 connections,https://github.com/micropython/micropython/issues/18660,12500,pull_request,"mpremote: Add rfc2217, serial over tcp.",https://github.com/micropython/micropython/pull/12500,merged,1.0481549501419067,,,,
16829,docs: Please provide examples to show how to backup and restore the complete contents of flash.,https://github.com/micropython/micropython/issues/16829,9091,pull_request,mpremote: support 'cp :a :b',https://github.com/micropython/micropython/pull/9091,merged,1.033930778503418,,,,
18729,zephyr/mphalport: Scheduled callbacks not processed during time.sleep_ms() on TrustZone NS builds,https://github.com/micropython/micropython/issues/18729,7177,pull_request,zephyr: run async/scheduled events during REPL and sleep,https://github.com/micropython/micropython/pull/7177,merged,0.9888759255409241,,,,
18922,STM32 pyb.CAN: Instantiating one CAN instance can corrupts settings of another instance.,https://github.com/micropython/micropython/issues/18922,18946,pull_request,"stm32: Update pyb.CAN loopback unit tests for FDCAN, fix CAN2 filter bug",https://github.com/micropython/micropython/pull/18946,merged,0.9653497934341431,,,,
79,logo licenses,https://github.com/micropython/micropython/issues/79,140,pull_request,"Small graphic - Useful for WebBanners, etc...",https://github.com/micropython/micropython/pull/140,merged,0.945859968662262,,,,
6813,RP2040: floating point performance: switch to ROM libraries?,https://github.com/micropython/micropython/issues/6813,16783,pull_request,lib/pico-sdk: Update to version 2.1.1.,https://github.com/micropython/micropython/pull/16783,merged,0.9263972043991089,,,,
17547,mpy-cross: Assertion failed when compiling tests/basics/exception_chain.py.,https://github.com/micropython/micropython/issues/17547,18366,pull_request,mpy-cross: Make the debug emitter work again.,https://github.com/micropython/micropython/pull/18366,merged,0.9082944393157959,,,,
4895,ESP32 crashes when running uPy from ISR,https://github.com/micropython/micropython/issues/4895,17265,pull_request,ports/esp32: Fix crash and improve timer interrupt allocation,https://github.com/micropython/micropython/pull/17265,merged,0.9060404300689697,,,,
7847,PEP 634 Structural Pattern Matching (Python 3.10) support,https://github.com/micropython/micropython/issues/7847,10110,pull_request,doc: Add Python 3.10 page.,https://github.com/micropython/micropython/pull/10110,merged,0.8988581299781799,,,,
3667,esp8266: multi threading,https://github.com/micropython/micropython/issues/3667,2165,pull_request,"Multi-threading support: core, unix and cc3200",https://github.com/micropython/micropython/pull/2165,merged,0.8836349248886108,,,,
18851,Still no IPv4 Hostname advertisement with stock LwIP and stock mDNS IPv6 does however.,https://github.com/micropython/micropython/issues/18851,9058,pull_request,extmod/modnetwork: Add global hostname/LWIP-mDNS.,https://github.com/micropython/micropython/pull/9058,merged,0.8295465111732483,,,,
1700,Custom exception cannot be re-raised from called function,https://github.com/micropython/micropython/issues/1700,390,pull_request,vm: Save current active exception on opening new try block.,https://github.com/micropython/micropython/pull/390,merged,0.8190102577209473,,,,
6186,Pyboard D build does not include btree,https://github.com/micropython/micropython/issues/6186,16978,pull_request,esp32/esp32_common.cmake: Skip BTree module when requested.,https://github.com/micropython/micropython/pull/16978,merged,0.8087257146835327,,,,
2628,"Extend obj->iternext to handle not just __next__(), but also send() method",https://github.com/micropython/micropython/issues/2628,228,pull_request,Implement send() method for generators.,https://github.com/micropython/micropython/pull/228,merged,0.8029058575630188,,,,
17567,ESP32S3 4M Port missing. Partition table in Firmware in file is wrong,https://github.com/micropython/micropython/issues/17567,13759,pull_request,ports/esp32: add FLASHSIZE_4MB variant to ESP32_GENERIC_S3,https://github.com/micropython/micropython/pull/13759,merged,0.7981147766113281,,,,
7919,Discussion of Python 3.10 support,https://github.com/micropython/micropython/issues/7919,10110,pull_request,doc: Add Python 3.10 page.,https://github.com/micropython/micropython/pull/10110,merged,0.7896114587783813,,,,
8763,New CDC Driver required for Windows 7 due to changed VID_2341 & PID_025E,https://github.com/micropython/micropython/issues/8763,458,pull_request,Tweak pybcdc.inf to match recent changes to pybcdc.h,https://github.com/micropython/micropython/pull/458,merged,0.7853026390075684,,,,
16604,Emitted code epilogue block contains a superflous jump to the next available code address.,https://github.com/micropython/micropython/issues/16604,8773,pull_request,py/emit: Improve the logic to detect and eliminate dead code,https://github.com/micropython/micropython/pull/8773,merged,0.7809029817581177,,,,
8763,New CDC Driver required for Windows 7 due to changed VID_2341 & PID_025E,https://github.com/micropython/micropython/issues/8763,498,pull_request,Auto-generate the stmhal/pybcdc_inf header file from static files,https://github.com/micropython/micropython/pull/498,merged,0.7763741612434387,,,,
10999,SoftSPI: Implement 'bits' and 'firstbit' parameters,https://github.com/micropython/micropython/issues/10999,15436,pull_request,extmod/machine_spi.c: Support firstbit=machine.LSB for machine.SoftSPI.,https://github.com/micropython/micropython/pull/15436,merged,0.7601637840270996,,,,
18728,zephyr/machine_timer: Race condition calling machine_timer_deinit() from k_timer ISR context,https://github.com/micropython/micropython/issues/18728,16794,pull_request,zephyr: Create machine.Timer class implementation.,https://github.com/micropython/micropython/pull/16794,merged,0.7587844133377075,,,,
1546,RTC LSE/LSI selection,https://github.com/micropython/micropython/issues/1546,112,pull_request,Use LSI OSC for RTC clock when LSE is not detected,https://github.com/micropython/micropython/pull/112,merged,0.752579391002655,,,,
2929,VFS FatFS: mkdir with trailing slash fails when it should succeed,https://github.com/micropython/micropython/issues/2929,16164,pull_request,tools/mpremote: Support trailing slash on dest for non-recursive copy.,https://github.com/micropython/micropython/pull/16164,merged,0.7454148530960083,,,,
15781,"extmod/vfs_fat.c still uses _FS_REENTRANT, but lib/oofatfs now uses FF_FS_REENTRANT",https://github.com/micropython/micropython/issues/15781,3443,pull_request,extmod/vfs_fat: Mount FatFS on creation so VFS methods can be used.,https://github.com/micropython/micropython/pull/3443,merged,0.7380560636520386,,,,
16890,[webassembly] 'runPythonAsync' api missing { async: true } option.,https://github.com/micropython/micropython/issues/16890,11823,pull_request,ports/webassembly: Make mp_js_do_str and mp_js_process_char asynchronous.,https://github.com/micropython/micropython/pull/11823,merged,0.7375727295875549,,,,
12048,STM32H5 machine.ADC core temperature sensor not working,https://github.com/micropython/micropython/issues/12048,12152,pull_request,stm32/machine_adc: Add STM32H5 support.,https://github.com/micropython/micropython/pull/12152,merged,0.7340156435966492,,,,
18867,"tests: thread stress tests intermittent failures under QEMU (stress_aes, stress_recurse, stress_schedule)",https://github.com/micropython/micropython/issues/18867,18861,pull_request,tests/run-tests.py: Add automatic retry for known-flaky tests.,https://github.com/micropython/micropython/pull/18861,merged,0.7217520475387573,,,,
11099,Binary stdin and stdout buffers for Unix port,https://github.com/micropython/micropython/issues/11099,12091,pull_request,extmod/vfs_posix_file.c: Unix port stdio buffer enhancement,https://github.com/micropython/micropython/pull/12091,merged,0.7197940945625305,,,,
7081,display.get_pixel unexpected output on microbit,https://github.com/micropython/micropython/issues/7081,3956,pull_request,nrf: Use mp_raise_ValueError instead of nlr_raise(...),https://github.com/micropython/micropython/pull/3956,merged,0.7046830058097839,,,,
6503,ESP32 LAN8720 MDC/MDIO control only,https://github.com/micropython/micropython/issues/6503,11986,pull_request,docs/esp32: Add example for version of WT32-ETH01 v1.4.,https://github.com/micropython/micropython/pull/11986,merged,0.7015354037284851,,,,
2692,RFC modframebuf.c scrolling behaviour,https://github.com/micropython/micropython/issues/2692,10093,pull_request,extmod/modframebuf: Fixed a crash in FrameBuffer scrolling.,https://github.com/micropython/micropython/pull/10093,merged,0.6894445419311523,,,,
10096,ESP32: Threading with 2 or 3 similar threads not properly scheduled,https://github.com/micropython/micropython/issues/10096,15476,pull_request,esp32: Fix uneven GIL allocation between Python threads.,https://github.com/micropython/micropython/pull/15476,merged,0.6880313754081726,,,,
5434,gc_collect_root crash in VS2017 Release build,https://github.com/micropython/micropython/issues/5434,18773,pull_request,Gcdebugprintf,https://github.com/micropython/micropython/pull/18773,merged,0.6726462841033936,,,,
1546,RTC LSE/LSI selection,https://github.com/micropython/micropython/issues/1546,18479,pull_request,stm32/rtc: Make sure RTC is using LSE on N6 MCUs.,https://github.com/micropython/micropython/pull/18479,merged,0.6718214154243469,,,,
17869,LSE Startup on STM32H563ZI fails,https://github.com/micropython/micropython/issues/17869,18479,pull_request,stm32/rtc: Make sure RTC is using LSE on N6 MCUs.,https://github.com/micropython/micropython/pull/18479,merged,0.6698663830757141,,,,
13532,Verbosity of mpremote commands should be manageable and shouldn't go to stdout,https://github.com/micropython/micropython/issues/13532,7751,pull_request,Add help command to mpremote,https://github.com/micropython/micropython/pull/7751,merged,0.655678391456604,,,,
10172,Fix DHCP server for certain clients (dhcpcd),https://github.com/micropython/micropython/issues/10172,12499,pull_request,shared/netutils/dhcpserver: Reply on correct netif,https://github.com/micropython/micropython/pull/12499,merged,0.6437232494354248,,,,
16890,[webassembly] 'runPythonAsync' api missing { async: true } option.,https://github.com/micropython/micropython/issues/16890,14438,pull_request,webassembly/api: Resolve thenables returned from runPythonAsync.,https://github.com/micropython/micropython/pull/14438,merged,0.6252915859222412,,,,
13249,rp2 PIO get and put non-blocking,https://github.com/micropython/micropython/issues/13249,10468,pull_request,docs/library/rp2.StateMachine: Expand put() documentation,https://github.com/micropython/micropython/pull/10468,merged,0.6217240691184998,,,,
1509,RTC initialisation and wakeup from external events,https://github.com/micropython/micropython/issues/1509,12482,pull_request,mimxrt/rtc: Improve the RTC initialisation during start-up.,https://github.com/micropython/micropython/pull/12482,merged,0.6190309524536133,,,,
7664,`uasyncio.rst` and `uctypes.rst` are still named with `u` prefix,https://github.com/micropython/micropython/issues/7664,880,pull_request,all: remove u-module naming where possible,https://github.com/micropython/micropython-lib/pull/880,merged,0.6174509525299072,,,,
7957,mp_obj_class_lookup error,https://github.com/micropython/micropython/issues/7957,6176,pull_request,py: Support passing in an OrderedDict to type() as the locals.,https://github.com/micropython/micropython/pull/6176,merged,0.6071815490722656,,,,
5908,esp32: float/*_special tests fail,https://github.com/micropython/micropython/issues/5908,15539,pull_request,esp32: Workaround math.gamma(-inf) result.,https://github.com/micropython/micropython/pull/15539,merged,0.5872277021408081,,,,
4081,Scoped allocation,https://github.com/micropython/micropython/issues/4081,3448,pull_request,Add 3rd memory region: a global Python stack for scoped allocation,https://github.com/micropython/micropython/pull/3448,merged,0.5840219855308533,,,,
1736,"uos.dupterm() behavior in underspecified, implementations broken",https://github.com/micropython/micropython/issues/1736,3144,pull_request,"docs/library: Add description of ""index"" parameter to uos.dupterm().",https://github.com/micropython/micropython/pull/3144,merged,0.5813862085342407,,,,
5596,[ESP32 Docs]: Partition readblocks / writeblocks extended,https://github.com/micropython/micropython/issues/5596,8268,pull_request,esp32: support 512 byte block size in esp32.Partition,https://github.com/micropython/micropython/pull/8268,merged,0.5721176266670227,,,,
17869,LSE Startup on STM32H563ZI fails,https://github.com/micropython/micropython/issues/17869,15582,pull_request,ports/stm32: Allow HSE to be a wakeup source for BLE for the WB55.,https://github.com/micropython/micropython/pull/15582,merged,0.5671334266662598,,,,
10609,Delete / Unallocate RMT Driver on ESP32,https://github.com/micropython/micropython/issues/10609,16293,pull_request,Update esp32.RMT module to the new API,https://github.com/micropython/micropython/pull/16293,merged,0.5664820671081543,,,,
18868,tests: cmdline/repl_lock.py and repl_cont.py intermittent failures,https://github.com/micropython/micropython/issues/18868,18861,pull_request,tests/run-tests.py: Add automatic retry for known-flaky tests.,https://github.com/micropython/micropython/pull/18861,merged,0.5621944665908813,,,,
8965,docs: Can recv example needs updated to reflect 5 return values in the lst in V1.19.1,https://github.com/micropython/micropython/issues/8965,9311,pull_request,docs/library/pyb.CAN.rst: Update the recv example,https://github.com/micropython/micropython/pull/9311,merged,0.560545027256012,,,,
6186,Pyboard D build does not include btree,https://github.com/micropython/micropython/issues/6186,7106,pull_request,esp32: add back btree module,https://github.com/micropython/micropython/pull/7106,merged,0.5603783130645752,,,,
2683,stmhal: Implement CSS (clock security system) callback,https://github.com/micropython/micropython/issues/2683,18072,pull_request,stm32: Set RCC_HSE_BYPASS for NUCLEO boards.,https://github.com/micropython/micropython/pull/18072,merged,0.5587487816810608,,,,
7638,Conversion from const char* to mp_rom_error_text_t ?,https://github.com/micropython/micropython/issues/7638,5917,pull_request,py/misc.h: Always provide no-op defines without ROM_TEXT_COMPRESSION.,https://github.com/micropython/micropython/pull/5917,merged,0.548771858215332,,,,
7455,Set threshold for Coveralls failure,https://github.com/micropython/micropython/issues/7455,3846,pull_request,travis: Use Python 3 for coveralls.,https://github.com/micropython/micropython/pull/3846,merged,0.5422331690788269,,,,
11619,network.country availability,https://github.com/micropython/micropython/issues/11619,10635,pull_request,top: Common network hostname/country configuration.,https://github.com/micropython/micropython/pull/10635,merged,0.5403639078140259,,,,
16561,ESP32 + W5500: network.LAN() fails without an interrupt pin,https://github.com/micropython/micropython/issues/16561,10420,pull_request,ports/esp32: Add support for SPI-based ethernet chips,https://github.com/micropython/micropython/pull/10420,merged,0.5387393236160278,,,,
8485,mpremote on Mac OS X: allow env var or option in config file to select default serial port to use,https://github.com/micropython/micropython/issues/8485,10057,pull_request,mpremote: only auto connect to serial device with USB VID/PID,https://github.com/micropython/micropython/pull/10057,merged,0.5202992558479309,,,,
18935,stm32lib: ST not adding new parts.,https://github.com/micropython/micropython/issues/18935,11138,pull_request,stm32: Add support for H5 MCUs,https://github.com/micropython/micropython/pull/11138,merged,0.5163537859916687,,,,
7331,CMake generated clean target not working properly,https://github.com/micropython/micropython/issues/7331,13085,pull_request,"Fixes for makeqstrdefs.py getting broken by ""clean"" on cmake",https://github.com/micropython/micropython/pull/13085,merged,0.5139490962028503,,,,
7862,How use _thread library?,https://github.com/micropython/micropython/issues/7862,17287,pull_request,esp32/mpthreadport: Fix double delete of tasks on soft reset.,https://github.com/micropython/micropython/pull/17287,merged,0.49765995144844055,,,,
5046,RFC:  MICROPY_PY_BUILTINS_NEXT2 always set to (0) ?,https://github.com/micropython/micropython/issues/5046,16902,pull_request,py/mpconfig: Enable 2-argument built-in next() at basic feature level.,https://github.com/micropython/micropython/pull/16902,merged,0.49658578634262085,,,,
6023,no input for repl with dupterm,https://github.com/micropython/micropython/issues/6023,18602,pull_request,esp32: Actually read from dupterm.,https://github.com/micropython/micropython/pull/18602,merged,0.49564293026924133,,,,
15456,docs: explain optional global-interpreter-lock,https://github.com/micropython/micropython/issues/15456,15476,pull_request,esp32: Fix uneven GIL allocation between Python threads.,https://github.com/micropython/micropython/pull/15476,merged,0.49385005235671997,,,,
47,What to do about USB VID and PID?,https://github.com/micropython/micropython/issues/47,10057,pull_request,mpremote: only auto connect to serial device with USB VID/PID,https://github.com/micropython/micropython/pull/10057,merged,0.4923320710659027,,,,
7982,esp32: No OTA images generated anymore since switch to cmake,https://github.com/micropython/micropython/issues/7982,12475,pull_request,esp32: Add bootloader rollback support for all boards.,https://github.com/micropython/micropython/pull/12475,merged,0.49222490191459656,,,,
17947,stm32: mp_hal_ticks_us returns non-monotonic values.,https://github.com/micropython/micropython/issues/17947,15719,pull_request,samd: A few minor improvements.,https://github.com/micropython/micropython/pull/15719,merged,0.4887485206127167,,,,
5098,UART timeout and timeout_char is not working in ESP32,https://github.com/micropython/micropython/issues/5098,17938,pull_request,"machine.UART: Fix the double timeout with uart.read(), uart.write() and uart.readinto().",https://github.com/micropython/micropython/pull/17938,merged,0.4845106899738312,,,,
7502,"search() on a compiled regular expression ignores the ""pos"" argument",https://github.com/micropython/micropython/issues/7502,14179,pull_request,re: Add support for start- and endpos. ,https://github.com/micropython/micropython/pull/14179,merged,0.4823327660560608,,,,
1509,RTC initialisation and wakeup from external events,https://github.com/micropython/micropython/issues/1509,6614,pull_request,stm32/rtc: Validate the RTC prescaler on boot and change if incorrect.,https://github.com/micropython/micropython/pull/6614,merged,0.4732353687286377,,,,
18962,OpenMV Feature: ROMFS IOCTL Documentation and Debug,https://github.com/micropython/micropython/issues/18962,16857,pull_request,"Define `vfs.rom_ioctl()`, add romfs commands to mpremote, and implement ROM partition support on stm32, rp2, esp32, esp8266",https://github.com/micropython/micropython/pull/16857,merged,0.4707109332084656,,,,
7926,Functions and variables anonymization & tools,https://github.com/micropython/micropython/issues/7926,17306,pull_request,tools/mpy-tool.py: Allow dumping MPY segments into their own files.,https://github.com/micropython/micropython/pull/17306,merged,0.4658535420894623,,,,
11025,Firmware 1.19.1 on NUCLEO-WB55 is failing on BLE functions,https://github.com/micropython/micropython/issues/11025,5212,pull_request,stm32: support for BLE on STM32WB55 MCUs,https://github.com/micropython/micropython/pull/5212,merged,0.46571728587150574,,,,
8782,"mpy_ld.py:  ""AttributeError: 'Symbol' object has no attribute 'section'"" when relocating data section",https://github.com/micropython/micropython/issues/8782,12123,pull_request,mpy_ld.py: Support complex RO sections,https://github.com/micropython/micropython/pull/12123,merged,0.46400827169418335,,,,
6813,RP2040: floating point performance: switch to ROM libraries?,https://github.com/micropython/micropython/issues/6813,13133,pull_request,rp2: Switch to locally provided math library.,https://github.com/micropython/micropython/pull/13133,merged,0.4615490734577179,,,,
6995,Priority inversion and rp2 port,https://github.com/micropython/micropython/issues/6995,13312,pull_request,rp2: fix atomic section,https://github.com/micropython/micropython/pull/13312,merged,0.4552622139453888,,,,
18868,tests: cmdline/repl_lock.py and repl_cont.py intermittent failures,https://github.com/micropython/micropython/issues/18868,17993,pull_request,tests/thread/thread_gc1: Skip unreliable test in Github CI.,https://github.com/micropython/micropython/pull/17993,merged,0.4539163410663605,,,,
15649,"NUCLEO-L476RG (STM32L476RG), NUCLEO_G0B1RE (STM32G0B1RE) - LPUART1 initialization not working",https://github.com/micropython/micropython/issues/15649,18075,pull_request,stm32: Fix LPUART init failure with low baudrate.,https://github.com/micropython/micropython/pull/18075,merged,0.4516180157661438,,,,
17875,wiznet5k driver can call scheduler from hard IRQ context,https://github.com/micropython/micropython/issues/17875,894,pull_request,Allow real memory errors (from locked gc) to be reported with traceback.,https://github.com/micropython/micropython/pull/894,merged,0.4494225084781647,,,,
18935,stm32lib: ST not adding new parts.,https://github.com/micropython/micropython/issues/18935,18268,pull_request,lib/stm32lib: Update WB to v1.23.0.,https://github.com/micropython/micropython/pull/18268,merged,0.4485681354999542,,,,
16360,mpremote option to wait until device connected and/or reconnect,https://github.com/micropython/micropython/issues/16360,17321,pull_request,mpremote: Fix disconnect handling on Windows and Linux.,https://github.com/micropython/micropython/pull/17321,merged,0.4396064877510071,,,,
8794,UART sendbreak bug,https://github.com/micropython/micropython/issues/8794,17698,pull_request,esp32/machine_uart: Change `sendbreak()` implementation to simply pull the pin low for the break period,https://github.com/micropython/micropython/pull/17698,merged,0.42426034808158875,,,,
18592,Python subclass of native type with attr handler cannot properly store attributes,https://github.com/micropython/micropython/issues/18592,528,pull_request,Initial support for subclassing native types,https://github.com/micropython/micropython/pull/528,merged,0.4209457337856293,,,,
5098,UART timeout and timeout_char is not working in ESP32,https://github.com/micropython/micropython/issues/5098,14025,pull_request,esp32/machine_uart: Apply timeout_char default.,https://github.com/micropython/micropython/pull/14025,merged,0.40292125940322876,,,,
17093,`mpremote mkdir` crashes in MSYS2 / GIT bash if the path does not start with :,https://github.com/micropython/micropython/issues/17093,15332,pull_request,tools/mpremote: Fix mpremote mip install with multiple lib folders in sys.path.,https://github.com/micropython/micropython/pull/15332,merged,0.40201640129089355,,,,
79,logo licenses,https://github.com/micropython/micropython/issues/79,18903,pull_request,logo: Added 3D printable STL file,https://github.com/micropython/micropython/pull/18903,open,0.3875045031309128,,,,
11325,network: status codes/constants not unified across ports,https://github.com/micropython/micropython/issues/11325,16270,pull_request,esp32: Add missing network.STAT_CONNECT_FAIL constant.,https://github.com/micropython/micropython/pull/16270,merged,0.38372549414634705,,,,
8794,UART sendbreak bug,https://github.com/micropython/micropython/issues/8794,12787,pull_request,ports/rp2/machine_uart.c: fix handling of serial break condition,https://github.com/micropython/micropython/pull/12787,merged,0.3806314170360565,,,,
11419,[ESP32 port] network_ppp does not manage pcb properly; can cause LWIP assertion or unmanaged pcb,https://github.com/micropython/micropython/issues/11419,17656,pull_request,esp32/network_ppp: Bugfixes for deadlocks and crashes when disconnecting.,https://github.com/micropython/micropython/pull/17656,merged,0.37633752822875977,,,,
11926,Allow SPI flash to be configurable per board,https://github.com/micropython/micropython/issues/11926,17067,pull_request,stm32: add support to PYBD_SF6 for boards with larger flash,https://github.com/micropython/micropython/pull/17067,merged,0.3676011264324188,,,,
9316,pico - zombie pio state machines after soft reset,https://github.com/micropython/micropython/issues/9316,10652,pull_request,rp2/rp2_pio: Track use of PIO resources and free them on soft reset.,https://github.com/micropython/micropython/pull/10652,merged,0.3478671610355377,,,,
7903,rp2 asm_pio parameterization,https://github.com/micropython/micropython/issues/7903,16651,pull_request,Fix memory leak and logic bug with handling of _pio_funcs.,https://github.com/micropython/micropython/pull/16651,merged,0.34650295972824097,,,,
5214,pulse counter quadrature encoder,https://github.com/micropython/micropython/issues/5214,12347,pull_request,mimxrt: Add Quadrature Encoder and Pulse Counter classes.,https://github.com/micropython/micropython/pull/12347,merged,0.33780309557914734,,,,
6503,ESP32 LAN8720 MDC/MDIO control only,https://github.com/micropython/micropython/issues/6503,13630,pull_request,stm32/ethernet: A few improvements.,https://github.com/micropython/micropython/pull/13630,merged,0.337714284658432,,,,
6572,"NRF52840: ADC is 8 bits, how to set to 12 bits?",https://github.com/micropython/micropython/issues/6572,17616,pull_request,Zephyr: Add ADC support.,https://github.com/micropython/micropython/pull/17616,merged,0.3343713581562042,,,,
6585,native modules not properly rebuilt on ARCH change,https://github.com/micropython/micropython/issues/6585,9062,pull_request,py/persistentcode: Clarify ValueError message when native emitter disabled.,https://github.com/micropython/micropython/pull/9062,merged,0.3298817574977875,,,,
8358,"pyboard.py very slow on windows, reason and solution",https://github.com/micropython/micropython/issues/8358,17330,pull_request,"tools/pyboard.py: Port recent patchs from mpremote serial transport, to add timeouts for non-responsive serial ports",https://github.com/micropython/micropython/pull/17330,merged,0.3222835958003998,,,,
6463,Using LWIP on Windows,https://github.com/micropython/micropython/issues/6463,17915,pull_request,extmod/modlwip: Remove unused include and functions.,https://github.com/micropython/micropython/pull/17915,merged,0.31421414017677307,,,,
4221,Theoretical remark regarding mutex in the STM32 port,https://github.com/micropython/micropython/issues/4221,18380,pull_request,rp2/pendsv.c: PendSV_Handler dispatch check.,https://github.com/micropython/micropython/pull/18380,merged,0.31118497252464294,,,,
7769,How to set BLE connection interval?,https://github.com/micropython/micropython/issues/7769,5190,pull_request,extmod/modbluetooth: Allow config of scan interval/window.,https://github.com/micropython/micropython/pull/5190,merged,0.3108452558517456,,,,
7148,STM32: How to avoid disabling USB IRQs in sdcard.c ?,https://github.com/micropython/micropython/issues/7148,744,pull_request,Disable IRQs around sdcard reads.,https://github.com/micropython/micropython/pull/744,merged,0.3093005120754242,,,,
10609,Delete / Unallocate RMT Driver on ESP32,https://github.com/micropython/micropython/issues/10609,8170,pull_request,esp32/esp32_rmt: Install RMT driver on core 1.,https://github.com/micropython/micropython/pull/8170,merged,0.30523067712783813,,,,
16088,Checksum Verification for nRF BLE Stack Downloads,https://github.com/micropython/micropython/issues/16088,17798,pull_request,nrf/drivers/bluetooth: Change soft-device download URL to self hosted.,https://github.com/micropython/micropython/pull/17798,merged,0.29468071460723877,,,,
6572,"NRF52840: ADC is 8 bits, how to set to 12 bits?",https://github.com/micropython/micropython/issues/6572,16630,pull_request,esp32: ADC driver update to the new esp_adc.,https://github.com/micropython/micropython/pull/16630,merged,0.292605996131897,,,,
6365,extend framebuf.blit method with parameters to select a rectangle from the source,https://github.com/micropython/micropython/issues/6365,17358,pull_request,extmod/modframebuf: Add support for blit'ing read-only data.,https://github.com/micropython/micropython/pull/17358,merged,0.28683754801750183,,,,
12696,stm32h5: stop/standby mode reset_cause not reported,https://github.com/micropython/micropython/issues/12696,12761,pull_request,ports/stm32h5: add sleep modes and RTC alarm wakeup ,https://github.com/micropython/micropython/pull/12761,merged,0.27918967604637146,,,,
47,What to do about USB VID and PID?,https://github.com/micropython/micropython/issues/47,498,pull_request,Auto-generate the stmhal/pybcdc_inf header file from static files,https://github.com/micropython/micropython/pull/498,merged,0.2730569839477539,,,,
646,Do we want to have weakref support?,https://github.com/micropython/micropython/issues/646,903,pull_request,Add module weak-ref support.,https://github.com/micropython/micropython/pull/903,closed,0.26111161708831787,,,,
12048,STM32H5 machine.ADC core temperature sensor not working,https://github.com/micropython/micropython/issues/12048,11966,pull_request,stm32: Fix ADC issues for STM32G4 MCUs.,https://github.com/micropython/micropython/pull/11966,merged,0.2605746388435364,,,,
18415,stress_schedule consistently fails with native emitter,https://github.com/micropython/micropython/issues/18415,17668,pull_request,"Allow the GIL to be enabled on the unix port, and add a CI job to test this configuration",https://github.com/micropython/micropython/pull/17668,merged,0.25902655720710754,,,,
6332,Overflow converting -2147483648 to int when using MPZ,https://github.com/micropython/micropython/issues/6332,17739,pull_request,py/objint_longlong: Fix overflow check in mp_obj_int_get_checked.,https://github.com/micropython/micropython/pull/17739,merged,0.2573532462120056,,,,
79,logo licenses,https://github.com/micropython/micropython/issues/79,4363,pull_request,"LICENSE: Add my copyright, as the author of ~30% of commits to the project.",https://github.com/micropython/micropython/pull/4363,closed,0.25135380029678345,,,,
11451,mpremote should let user control DTR and RTS signals,https://github.com/micropython/micropython/issues/11451,18001,pull_request,mpremote: Workaround ESP reset quirk at disconnect time.,https://github.com/micropython/micropython/pull/18001,merged,0.23802487552165985,,,,
11929,Don't allow `micropython.const`,https://github.com/micropython/micropython/issues/11929,8548,pull_request,"py/parse: Allow all constant objects to be used in ""X = const(o)"".",https://github.com/micropython/micropython/pull/8548,merged,0.23676390945911407,,,,
18385,aiohttp newer version,https://github.com/micropython/micropython/issues/18385,778,pull_request,micropython/aiohttp: Add aiohttp package.,https://github.com/micropython/micropython-lib/pull/778,merged,0.23348307609558105,,,,
5669,Descriptor attribute access on a class doesn't call __get__,https://github.com/micropython/micropython/issues/5669,15940,pull_request,py/objtype: Don't delegate lookup of descriptor methods to __getattr__.,https://github.com/micropython/micropython/pull/15940,merged,0.22964684665203094,,,,
8646,Pyboard UART.sendbreak ,https://github.com/micropython/micropython/issues/8646,17698,pull_request,esp32/machine_uart: Change `sendbreak()` implementation to simply pull the pin low for the break period,https://github.com/micropython/micropython/pull/17698,merged,0.22958068549633026,,,,
7905,Discussion of Python 3.9 support,https://github.com/micropython/micropython/issues/7905,10111,pull_request,docs: Update Python 3.9 status.,https://github.com/micropython/micropython/pull/10111,merged,0.22591833770275116,,,,
17730,code paths that return large ints where small ints would suffice,https://github.com/micropython/micropython/issues/17730,9531,pull_request,py/objint_*: Convert back to small int after binary op.,https://github.com/micropython/micropython/pull/9531,merged,0.21908468008041382,,,,
6572,"NRF52840: ADC is 8 bits, how to set to 12 bits?",https://github.com/micropython/micropython/issues/6572,4213,pull_request,docs: Specify new machine.ADC and machine.ADCBlock classes,https://github.com/micropython/micropython/pull/4213,merged,0.21703359484672546,,,,
14280,ruff: ptr8 and ptr16 yield error on pre-commit hooks,https://github.com/micropython/micropython/issues/14280,17955,pull_request,tests/micropython: Make tests behave in low memory condition.,https://github.com/micropython/micropython/pull/17955,merged,0.21497182548046112,,,,
16560,RingIO is limited to 64kB,https://github.com/micropython/micropython/issues/16560,9458,pull_request,py/ringbuf: Add micropython.ringbuffer() interface for general use.,https://github.com/micropython/micropython/pull/9458,merged,0.21332037448883057,,,,
6980,Pyboard.py doesn't keep file path with folders on windows,https://github.com/micropython/micropython/issues/6980,10821,pull_request,tools/pyboard.py: Use '/' exclusively when dealing with paths.,https://github.com/micropython/micropython/pull/10821,merged,0.20883497595787048,,,,
3683,IPv6 Support in micropython for ESP32 (or anything for that matter),https://github.com/micropython/micropython/issues/3683,12626,pull_request,esp32/network_ppp: Build with no IPv6 support.,https://github.com/micropython/micropython/pull/12626,merged,0.20335742831230164,,,,
8431,rp2: No way to avoid conflicting claims on DMA channels,https://github.com/micropython/micropython/issues/8431,18914,pull_request,rp2: Disable DMA IRQ before clearing handler function.,https://github.com/micropython/micropython/pull/18914,merged,0.2018284946680069,,,,
646,Do we want to have weakref support?,https://github.com/micropython/micropython/issues/646,596,issue,Scratch buffer concept support?,https://github.com/micropython/micropython/issues/596,closed,0.20009922981262207,,,,
7456,Uasyncio task profiling,https://github.com/micropython/micropython/issues/7456,6664,pull_request,"extmod/uasyncio: Delay calling Loop.call_exception_handler by 1 loop, and add Task.done() method",https://github.com/micropython/micropython/pull/6664,merged,0.19091002643108368,,,,
5913,ESP32-OTA: Partition.writeblocks with buffer size not multiple of blocksize gives OSError,https://github.com/micropython/micropython/issues/5913,12493,pull_request,esp32: fix Partition.writeblocks partial write corruption,https://github.com/micropython/micropython/pull/12493,merged,0.186276376247406,,,,
7749,Actinius Icarus Board Loading,https://github.com/micropython/micropython/issues/7749,6184,pull_request,nrf/boards: Add initial support for Actinius Icarus,https://github.com/micropython/micropython/pull/6184,merged,0.18607079982757568,,,,
12048,STM32H5 machine.ADC core temperature sensor not working,https://github.com/micropython/micropython/issues/12048,17620,pull_request,stm32: Add machine.ADC implementation for STM32L1.,https://github.com/micropython/micropython/pull/17620,merged,0.18304863572120667,,,,
17544,Make ROMFS Bootable.,https://github.com/micropython/micropython/issues/17544,16810,pull_request,extmod/vfs_rom: Add bounds checking for all filesystem accesses.,https://github.com/micropython/micropython/pull/16810,merged,0.18124312162399292,,,,
9734,`mpremote`: Mounting Windows directory with packages in a `lib` subfolder are not found,https://github.com/micropython/micropython/issues/9734,15332,pull_request,tools/mpremote: Fix mpremote mip install with multiple lib folders in sys.path.,https://github.com/micropython/micropython/pull/15332,merged,0.18050938844680786,,,,
18663,Change to `mp_handle_pending' includes possible MICROPY_EVENT_POLL_HOOK and downstream code breakage,https://github.com/micropython/micropython/issues/18663,17347,pull_request,py/scheduler: Allow C scheduler callbacks to re-queue themselves.,https://github.com/micropython/micropython/pull/17347,merged,0.1795814484357834,,,,
5596,[ESP32 Docs]: Partition readblocks / writeblocks extended,https://github.com/micropython/micropython/issues/5596,12493,pull_request,esp32: fix Partition.writeblocks partial write corruption,https://github.com/micropython/micropython/pull/12493,merged,0.17899157106876373,,,,
13249,rp2 PIO get and put non-blocking,https://github.com/micropython/micropython/issues/13249,7650,pull_request,ports/rp2: Provide direct memory access to PIO FIFOs via proxy arrays.,https://github.com/micropython/micropython/pull/7650,merged,0.17772932350635529,,,,
10957,RP2040: mDNS support in AP mode,https://github.com/micropython/micropython/issues/10957,17057,pull_request,ports/rp2: Fix rp2 mDNS issue via new cyw43 driver hooks.,https://github.com/micropython/micropython/pull/17057,merged,0.17763707041740417,,,,
4277,NRF - Disable DCDC?,https://github.com/micropython/micropython/issues/4277,7630,pull_request,nrf/modules/nrf: Add function to enable/disable DCDC.,https://github.com/micropython/micropython/pull/7630,merged,0.1756705790758133,,,,
18176,docs: machine.RTC.memory examples not working,https://github.com/micropython/micropython/issues/18176,12559,pull_request,docs/library/machine: Add docs for RTC.memory() method.,https://github.com/micropython/micropython/pull/12559,merged,0.17324650287628174,,,,
4398,"Inefficient implementation of ""except Exc as var""",https://github.com/micropython/micropython/issues/4398,13569,pull_request,py/compile: Fix potential Py-stack overflow in try-finally with return.,https://github.com/micropython/micropython/pull/13569,merged,0.17052696645259857,,,,
5216,ESP32 Pulse Counter Driver,https://github.com/micropython/micropython/issues/5216,12346,pull_request,esp32: Add machine.Counter and machine.Encoder.,https://github.com/micropython/micropython/pull/12346,merged,0.16562962532043457,,,,
18415,stress_schedule consistently fails with native emitter,https://github.com/micropython/micropython/issues/18415,15448,pull_request,"py/scheduler,rp2: Avoid scheduler race conditions when GIL disabled, fix ""TinyUSB callback can't recurse"" error",https://github.com/micropython/micropython/pull/15448,merged,0.1642710119485855,,,,
8782,"mpy_ld.py:  ""AttributeError: 'Symbol' object has no attribute 'section'"" when relocating data section",https://github.com/micropython/micropython/issues/8782,17377,pull_request,tools/mpy_ld.py: support absolute relocations in text section on Thumb targets,https://github.com/micropython/micropython/pull/17377,merged,0.16345496475696564,,,,
18626,Missing MP_BINARY_OP_REVERSE_LESS etc.,https://github.com/micropython/micropython/issues/18626,11478,pull_request,py: Improve support for inplace operators,https://github.com/micropython/micropython/pull/11478,merged,0.1613888442516327,,,,
17544,Make ROMFS Bootable.,https://github.com/micropython/micropython/issues/17544,16857,pull_request,"Define `vfs.rom_ioctl()`, add romfs commands to mpremote, and implement ROM partition support on stm32, rp2, esp32, esp8266",https://github.com/micropython/micropython/pull/16857,merged,0.16072385013103485,,,,
16604,Emitted code epilogue block contains a superflous jump to the next available code address.,https://github.com/micropython/micropython/issues/16604,15310,pull_request,py: fix native emitter to work with `async with` statements,https://github.com/micropython/micropython/pull/15310,merged,0.16071753203868866,,,,
8382,ESP32: feature request Partition,https://github.com/micropython/micropython/issues/8382,8268,pull_request,esp32: support 512 byte block size in esp32.Partition,https://github.com/micropython/micropython/pull/8268,merged,0.15905027091503143,,,,
525,Method Resolution Order (MRO) is not compliant,https://github.com/micropython/micropython/issues/525,8648,issue,[question] Comparing a callable with a function that gets promoted to a method during the instantiation of a class,https://github.com/micropython/micropython/issues/8648,open,0.15824872255325317,,,,
4968,memory malloc error on stm32f407,https://github.com/micropython/micropython/issues/4968,41,pull_request,Collect more memory statistics,https://github.com/micropython/micropython/pull/41,merged,0.15388323366641998,,,,
11422,mpremote should not limit name shortcuts to 1st 4 devices,https://github.com/micropython/micropython/issues/11422,7751,pull_request,Add help command to mpremote,https://github.com/micropython/micropython/pull/7751,merged,0.1520235389471054,,,,
18984,esp32/sdcard: Unable to use SD card on some ESP32-P4 boards.,https://github.com/micropython/micropython/issues/18984,18576,pull_request,esp32/machine_sdcard: Fix SDMMC slot assignment for non-default slots,https://github.com/micropython/micropython/pull/18576,merged,0.15114636719226837,,,,
6718,urandom.randint handling of >32bit values on 64-bit arch,https://github.com/micropython/micropython/issues/6718,13556,pull_request,Fix compilation warnings for Windows 64 bits,https://github.com/micropython/micropython/pull/13556,merged,0.14946530759334564,,,,
9563,dac.write_timed() does not work with NUCLEO_G474RE,https://github.com/micropython/micropython/issues/9563,17763,pull_request,stm32: Add DAC feature for STM32G0.,https://github.com/micropython/micropython/pull/17763,merged,0.14688703417778015,,,,
525,Method Resolution Order (MRO) is not compliant,https://github.com/micropython/micropython/issues/525,1326,issue,Builtin functions should behave differently to Python functions when used as a class method,https://github.com/micropython/micropython/issues/1326,closed,0.14614714682102203,,,,
15163,"PICO rp2.PIO(1),remove_program() makes all instruction memory available for python PIO and therefor allows overwrite of CYW43 PIO program",https://github.com/micropython/micropython/issues/15163,10652,pull_request,rp2/rp2_pio: Track use of PIO resources and free them on soft reset.,https://github.com/micropython/micropython/pull/10652,merged,0.14360301196575165,,,,
11419,[ESP32 port] network_ppp does not manage pcb properly; can cause LWIP assertion or unmanaged pcb,https://github.com/micropython/micropython/issues/11419,17904,pull_request,network_ppp: Stop polling if stream or PPP PCB are removed.,https://github.com/micropython/micropython/pull/17904,merged,0.14289574325084686,,,,
5225,Allow (unpadded) SPI transfers < 8bits,https://github.com/micropython/micropython/issues/5225,7510,pull_request,esp32/machine_hw_spi: Use a 2 item SPI queue for long transfers.,https://github.com/micropython/micropython/pull/7510,merged,0.1392044574022293,,,,
6600,py/objtype.c: Issue with bytecode cache invalidation and incorrect lookup order for descriptors.,https://github.com/micropython/micropython/issues/6600,15940,pull_request,py/objtype: Don't delegate lookup of descriptor methods to __getattr__.,https://github.com/micropython/micropython/pull/15940,merged,0.13901932537555695,,,,
12216,ports/unix: please implement machine.unique_id(),https://github.com/micropython/micropython/issues/12216,1095,pull_request,machine: Retrieve an unique identifier if one is known.,https://github.com/micropython/micropython-lib/pull/1095,merged,0.13885217905044556,,,,
525,Method Resolution Order (MRO) is not compliant,https://github.com/micropython/micropython/issues/525,3376,issue,unix: dir() of a subclass instance does not show superclass methods,https://github.com/micropython/micropython/issues/3376,closed,0.13416428864002228,,,,
79,logo licenses,https://github.com/micropython/micropython/issues/79,7622,issue,Question About Licensing,https://github.com/micropython/micropython/issues/7622,closed,0.1332385092973709,,,,
12393,rp2: No support for external pins in Pico W build,https://github.com/micropython/micropython/issues/12393,9731,pull_request,rp2: Add support for named pins and alternate functions.,https://github.com/micropython/micropython/pull/9731,merged,0.13185912370681763,,,,
5098,UART timeout and timeout_char is not working in ESP32,https://github.com/micropython/micropython/issues/5098,11915,pull_request,stm32/uart: Fix UART timeout issue with low baudrate.,https://github.com/micropython/micropython/pull/11915,merged,0.12775462865829468,,,,
12558,docs:RP2 to mention light and deepsleep ,https://github.com/micropython/micropython/issues/12558,16503,pull_request,ports/rp2: Make lightsleep preserve SLEEP_EN0 and SLEEP_EN1.,https://github.com/micropython/micropython/pull/16503,merged,0.12681424617767334,,,,
7394,RTC weekday meaning incosistences.,https://github.com/micropython/micropython/issues/7394,8250,pull_request,rp2/modutime: Fix time.localtime day-of-week value.,https://github.com/micropython/micropython/pull/8250,merged,0.12333089113235474,,,,
18461,`mpremote mip install` hangs when uploading files,https://github.com/micropython/micropython/issues/18461,15332,pull_request,tools/mpremote: Fix mpremote mip install with multiple lib folders in sys.path.,https://github.com/micropython/micropython/pull/15332,merged,0.12197206169366837,,,,
18213,ESP32C6: USB not in board.json `features` but GPIO pins are disabled anyway,https://github.com/micropython/micropython/issues/18213,16236,pull_request,esp32/machine_pin.c: Fix the logic when to clear USB_SERIAL_JTAG_USB_PAD_ENABLE,https://github.com/micropython/micropython/pull/16236,merged,0.11858738958835602,,,,
18866,tests: thread/thread_gc1.py intermittent failure on CI,https://github.com/micropython/micropython/issues/18866,17993,pull_request,tests/thread/thread_gc1: Skip unreliable test in Github CI.,https://github.com/micropython/micropython/pull/17993,merged,0.11563732475042343,,,,
5276,Uasyncio cancelling coroutine takes as long as next scheduled execution,https://github.com/micropython/micropython/issues/5276,7399,pull_request,extmod/uasyncio: Fix race with cancelled task waiting on finished task.,https://github.com/micropython/micropython/pull/7399,merged,0.11562106758356094,,,,
12115,STM32 machine.ADC channel constants overflowing MP_ROM_INT() 31 bit signed type,https://github.com/micropython/micropython/issues/12115,12152,pull_request,stm32/machine_adc: Add STM32H5 support.,https://github.com/micropython/micropython/pull/12152,merged,0.11337129771709442,,,,
7304,`tuple + class MyTuple(tuple)` performs a wrong type cast,https://github.com/micropython/micropython/issues/7304,5661,pull_request,py: Simplify tuple subclass equality testing,https://github.com/micropython/micropython/pull/5661,merged,0.11319518089294434,,,,
18432,docs: WeAct F411 'blackpill' PB4 note,https://github.com/micropython/micropython/issues/18432,15646,pull_request,stm32/WEACT_F411_BLACKPILL: Add WeAct F411 'blackpill' board.,https://github.com/micropython/micropython/pull/15646,merged,0.11223874241113663,,,,
11433,ESP32 WLAN.scan() returns incorrect hidden flag,https://github.com/micropython/micropython/issues/11433,7611,pull_request,"esp8266,esp32: Include hidden networks in WLAN.scan results.",https://github.com/micropython/micropython/pull/7611,merged,0.11205044388771057,,,,
15421,Enable Hardware I2C2 to Portenta C33 Port,https://github.com/micropython/micropython/issues/15421,12978,pull_request,renesas-ra/boards/ARDUINO_PORTENTA_C33: Fix incorrect I2C pins.,https://github.com/micropython/micropython/pull/12978,merged,0.11148147284984589,,,,
17672,"ESP32-C6, ESP32-S3, etc.: MICROPY_HW_ENABLE_UART_REPL should be disabled for boards that have both direct USB and UART connectors",https://github.com/micropython/micropython/issues/17672,8531,pull_request,esp32: Add MICROPY_HW_ENABLE_UART_REPL and enable on generic S2/S3.,https://github.com/micropython/micropython/pull/8531,merged,0.11099255830049515,,,,
11713,/ports/esp32/usb_serial_jtag.c usb_serial_jtag_isr_handler bug,https://github.com/micropython/micropython/issues/11713,12725,pull_request,ports/esp32: Poll serial/JTAG for unread data to prevent blocking.,https://github.com/micropython/micropython/pull/12725,merged,0.10792341083288193,,,,
1274,Need to address inconsistencies between mktime and localtime.,https://github.com/micropython/micropython/issues/1274,17366,pull_request,shared/timeutils: Standardize supported date range on all platforms.,https://github.com/micropython/micropython/pull/17366,merged,0.1060071736574173,,,,
5801,Enable Touchpad IRQ,https://github.com/micropython/micropython/issues/5801,16169,pull_request,"esp32: Fix stuck TouchPad readings on ESP32-S3, use version specifiers in code.",https://github.com/micropython/micropython/pull/16169,merged,0.10580066591501236,,,,
7455,Set threshold for Coveralls failure,https://github.com/micropython/micropython/issues/7455,3306,pull_request,"travis: Revert "".travis.yml: Pin cpp-coveralls at 0.3.12.""",https://github.com/micropython/micropython/pull/3306,merged,0.10572070628404617,,,,
47,What to do about USB VID and PID?,https://github.com/micropython/micropython/issues/47,6914,pull_request,stm32/usb: Allow a board to configure USBD_VID and all PIDs.,https://github.com/micropython/micropython/pull/6914,merged,0.1023808941245079,,,,
7848,Is it possible to manually modify MAC address of STM32F7?,https://github.com/micropython/micropython/issues/7848,15426,pull_request,esp32/network_lan: Check for valid LAN MAC address.,https://github.com/micropython/micropython/pull/15426,merged,0.09966232627630234,,,,
7983,Socket connect timeout - Feature request,https://github.com/micropython/micropython/issues/7983,890,pull_request,settimeout for mqtt socket,https://github.com/micropython/micropython-lib/pull/890,merged,0.09806044399738312,,,,
18870,tests: thread/stress_heap.py intermittent failure on macOS,https://github.com/micropython/micropython/issues/18870,18861,pull_request,tests/run-tests.py: Add automatic retry for known-flaky tests.,https://github.com/micropython/micropython/pull/18861,merged,0.09480326622724533,,,,
4389,esp8266: Necessity for UART flush,https://github.com/micropython/micropython/issues/4389,16052,pull_request,rp2/machine_uart: Make it so TX is done only when no longer busy.,https://github.com/micropython/micropython/pull/16052,merged,0.09353502094745636,,,,
5854,touchPad on Pin 2 (ESP32),https://github.com/micropython/micropython/issues/5854,16169,pull_request,"esp32: Fix stuck TouchPad readings on ESP32-S3, use version specifiers in code.",https://github.com/micropython/micropython/pull/16169,merged,0.09129638224840164,,,,
8781,mpy_ld.py: R_XTENSA_NDIFF32 not supported,https://github.com/micropython/micropython/issues/8781,15738,pull_request,tools/mpy_ld: Ignore R_XTENSA_ASM_EXPAND relocation entries.,https://github.com/micropython/micropython/pull/15738,merged,0.08578675240278244,,,,
16537,mboot fails to build,https://github.com/micropython/micropython/issues/16537,13662,pull_request,stm32/mboot: Generate FLASH_LAYOUT_STR at runtime on H5 MCUs.,https://github.com/micropython/micropython/pull/13662,merged,0.08241001516580582,,,,
17547,mpy-cross: Assertion failed when compiling tests/basics/exception_chain.py.,https://github.com/micropython/micropython/issues/17547,17349,pull_request,"mpy-cross: exit with error if arch not given when needed, and add `emit=host` option to help",https://github.com/micropython/micropython/pull/17349,merged,0.08223775029182434,,,,
11450,network.hostname() seems useless... does mDNS work?,https://github.com/micropython/micropython/issues/11450,12360,pull_request,docs/library/network.rst: Clarify network.hostname.,https://github.com/micropython/micropython/pull/12360,merged,0.08140476047992706,,,,
18638,Segmentation Fault in mp_asm_base_get_cur_to_write_bytes (x64 native emitter),https://github.com/micropython/micropython/issues/18638,18366,pull_request,mpy-cross: Make the debug emitter work again.,https://github.com/micropython/micropython/pull/18366,merged,0.08043911308050156,,,,
12579,ESP32 timer wake up repeating,https://github.com/micropython/micropython/issues/12579,12782,pull_request,esp32 : fix for #7158 - machine.deepsleep() not behaving as expected,https://github.com/micropython/micropython/pull/12782,merged,0.07971075177192688,,,,
4389,esp8266: Necessity for UART flush,https://github.com/micropython/micropython/issues/4389,9448,pull_request,renesas-ra: Add the UART methods uart.txdone() and uart.flush().,https://github.com/micropython/micropython/pull/9448,merged,0.0789569765329361,,,,
11625,ESP32C3 Connecting to wifi with wrong password will not feedback STAT_WRONG_PASSWORD status,https://github.com/micropython/micropython/issues/11625,16270,pull_request,esp32: Add missing network.STAT_CONNECT_FAIL constant.,https://github.com/micropython/micropython/pull/16270,merged,0.078434057533741,,,,
18663,Change to `mp_handle_pending' includes possible MICROPY_EVENT_POLL_HOOK and downstream code breakage,https://github.com/micropython/micropython/issues/18663,18672,pull_request,py: clean up definition and use of `mp_handle_pending()`,https://github.com/micropython/micropython/pull/18672,merged,0.07728688418865204,,,,
5441,H7 QSPI Transfer Error,https://github.com/micropython/micropython/issues/5441,6992,pull_request,WIP: stm32/qspi: Detect transfer errors and pass back up to spiflash driver.,https://github.com/micropython/micropython/pull/6992,merged,0.07634732127189636,,,,
9563,dac.write_timed() does not work with NUCLEO_G474RE,https://github.com/micropython/micropython/issues/9563,17770,pull_request,stm32: Fix DAC issue for MCUs those have D-Cache.,https://github.com/micropython/micropython/pull/17770,merged,0.07554640620946884,,,,
14280,ruff: ptr8 and ptr16 yield error on pre-commit hooks,https://github.com/micropython/micropython/issues/14280,12197,pull_request,all: Enable ruff linter check for undefined-name (F821).,https://github.com/micropython/micropython/pull/12197,merged,0.07351377606391907,,,,
8063,"Esp32: Add explicit ""wait_tx_done"" method to UART",https://github.com/micropython/micropython/issues/8063,18124,pull_request,machine_uart.c: Call uart_wait_tx_done() only with installed driver.,https://github.com/micropython/micropython/pull/18124,merged,0.06591526418924332,,,,
47,What to do about USB VID and PID?,https://github.com/micropython/micropython/issues/47,7594,pull_request,rp2/tusb_port.c: Allow boards to configure USB VID and PID.,https://github.com/micropython/micropython/pull/7594,closed,0.06242695823311806,,,,
9662,ESP8266 - Allow `network.STA_IF` to `connect` on specific channel ,https://github.com/micropython/micropython/issues/9662,11558,pull_request,esp8266: WLAN.config('channel') to use wifi_get/set_channel().,https://github.com/micropython/micropython/pull/11558,merged,0.061850424855947495,,,,
